chain,atoms,rmsd,best_mode,best_overlap
A,515,7.456417443256404,2,0.187561453814882
B,515,7.45560144456526,4,0.19434571453470217
C,515,7.455463015332476,2,0.18767786683915985
D,515,7.455759547515816,2,0.18863765026077828
E,515,7.45407063945449,2,0.18885987826995668
F,515,7.455242268866106,2,0.18733229737026658
G,515,7.4531483091079105,2,0.19854232784102266
H,515,1.8486423006175683,9,0.1310435028386803
I,515,1.7280166869819573,9,0.18079858199443194
J,515,1.6305974619735573,6,0.13918110707180217
K,515,1.7715526227481206,4,0.1472047434224781
L,515,1.811390331473055,4,0.18854888022465657
M,515,1.637408322246248,4,0.17220534405680693
N,515,1.6187810573407198,10,0.21527837322374488
